{
    "r2_score": 0.5075794301606544,
    "rms_score": 292035.24436486315,
    "mad_score": 98884.91671097172,
    "num_validated": 10044
}